timestamp,series_id,city,station_id,actual_pm25,predicted_pm25,absolute_error,actual_risk,predicted_risk,risk_match,actual_unhealthy_or_worse,predicted_unhealthy_or_worse,tft_predicted_pm25,persistence_24h,rolling_mean_24h
2026-03-22 04:00:00,almaty__kgmt_27,almaty,kgmt_27,4.66,18.765451,14.105451431274414,safe,moderate,False,False,False,3.0265234,15.1084,11.486383333333336
2026-03-22 05:00:00,almaty__kgmt_27,almaty,kgmt_27,7.24,18.969164,11.72916389465332,safe,moderate,False,False,False,2.740169,15.0256,11.312983333333335
2026-03-22 06:00:00,almaty__kgmt_27,almaty,kgmt_27,8.78,19.032108,10.252108306884766,safe,moderate,False,False,False,2.5660133,14.9428,11.174050000000005
2025-11-13 11:00:00,almaty__oaq_25903,almaty,oaq_25903,39.0,27.352175,11.647825241088867,unhealthy,moderate,False,True,False,26.197111,18.0,37.16666666666667
2025-11-13 12:00:00,almaty__oaq_25903,almaty,oaq_25903,52.0,24.859964,27.14003562927246,unhealthy,moderate,False,True,False,21.381618,12.0,35.833333333333336
2025-11-13 13:00:00,almaty__oaq_25903,almaty,oaq_25903,45.333333333333336,22.988634,22.344699223836265,unhealthy,moderate,False,True,False,17.443642,11.0,34.708333333333336
2025-11-13 14:00:00,almaty__oaq_25903,almaty,oaq_25903,38.66666666666666,24.154896,14.511770884195954,unhealthy,moderate,False,True,False,13.862736,18.0,33.54166666666667
2025-11-13 15:00:00,almaty__oaq_25903,almaty,oaq_25903,32.0,25.472828,6.527172088623047,moderate,moderate,True,False,False,10.101899,35.0,33.50000000000001
2025-11-13 16:00:00,almaty__oaq_25903,almaty,oaq_25903,18.5,24.940163,6.440162658691406,moderate,moderate,True,False,False,9.226867,24.0,34.41666666666667
2025-11-13 17:00:00,almaty__oaq_25903,almaty,oaq_25903,5.0,26.179934,21.179933547973633,safe,moderate,False,False,False,8.336982,18.0,34.833333333333336
2025-11-13 18:00:00,almaty__oaq_25903,almaty,oaq_25903,21.0,23.528778,2.528778076171875,moderate,moderate,True,False,False,7.3892994,14.0,33.50000000000001
2025-11-13 19:00:00,almaty__oaq_25903,almaty,oaq_25903,19.0,21.394007,2.3940067291259766,moderate,moderate,True,False,False,7.0779467,9.0,32.37500000000001
2025-11-13 20:00:00,almaty__oaq_25903,almaty,oaq_25903,13.0,19.926857,6.926856994628906,moderate,moderate,True,False,False,7.2480264,7.0,31.58333333333334
2025-11-13 21:00:00,almaty__oaq_25903,almaty,oaq_25903,12.0,20.314966,8.314966201782227,safe,moderate,False,False,False,6.659758,4.0,30.91666666666667
2025-11-13 22:00:00,almaty__oaq_25903,almaty,oaq_25903,9.0,20.180628,11.180627822875977,safe,moderate,False,False,False,5.183995,4.0,29.91666666666667
2025-11-13 23:00:00,almaty__oaq_25903,almaty,oaq_25903,13.0,20.156633,7.156633377075195,moderate,moderate,True,False,False,7.334662,4.0,28.250000000000004
2025-11-14 00:00:00,almaty__oaq_25903,almaty,oaq_25903,11.0,20.703455,9.703454971313477,safe,moderate,False,False,False,8.263163,5.0,26.91666666666667
2025-11-14 01:00:00,almaty__oaq_25903,almaty,oaq_25903,16.666666666666668,22.985903,6.319236119588215,moderate,moderate,True,False,False,9.507354,17.0,25.45833333333334
2025-11-14 02:00:00,almaty__oaq_25903,almaty,oaq_25903,22.333333333333336,23.36943,1.0360972086588518,moderate,moderate,True,False,False,8.456641,16.0,25.125000000000004
2025-11-14 03:00:00,almaty__oaq_25903,almaty,oaq_25903,28.0,24.21659,3.7834091186523438,moderate,moderate,True,False,False,8.162684,11.0,23.66666666666667
2025-11-14 04:00:00,almaty__oaq_25903,almaty,oaq_25903,37.5,29.307657,8.192342758178711,unhealthy,moderate,False,True,False,10.937918,19.0,22.08333333333334
2025-11-14 05:00:00,almaty__oaq_25903,almaty,oaq_25903,47.0,35.74789,11.25210952758789,unhealthy,unhealthy,True,True,True,16.318027,38.0,20.000000000000004
2025-11-14 06:00:00,almaty__oaq_25903,almaty,oaq_25903,59.0,32.73638,26.26361846923828,unhealthy,moderate,False,True,False,15.013967,27.0,15.500000000000004
2025-11-14 07:00:00,almaty__oaq_25903,almaty,oaq_25903,56.0,30.407784,25.59221649169922,unhealthy,moderate,False,True,False,13.869528,22.0,15.750000000000004
2025-11-14 08:00:00,almaty__oaq_25903,almaty,oaq_25903,30.0,33.401882,3.4018821716308594,moderate,moderate,True,False,False,14.009628,44.0,16.20833333333334
2025-11-14 09:00:00,almaty__oaq_25903,almaty,oaq_25903,21.0,38.202393,17.202392578125,moderate,unhealthy,False,False,True,13.340173,48.0,17.33333333333334
2025-11-14 10:00:00,almaty__oaq_25903,almaty,oaq_25903,27.0,39.3771,12.37710189819336,moderate,unhealthy,False,False,True,13.148443,46.0,18.33333333333334
2026-01-27 13:00:00,almaty__waqi_100156,almaty,waqi_100156,22.87867346938776,25.086988,2.20831497970892,moderate,moderate,True,False,False,13.4050255,2.64,24.712437641723355
2026-01-27 14:00:00,almaty__waqi_100156,almaty,waqi_100156,19.549744897959187,23.606394,4.0566489161277275,moderate,moderate,True,False,False,15.333922,2.16,23.62484835600907
2026-01-27 15:00:00,almaty__waqi_100156,almaty,waqi_100156,13.177142857142856,23.268229,10.091085673740933,moderate,moderate,True,False,False,15.893393,2.3200000000000003,22.53701459750567
2026-01-27 16:00:00,almaty__waqi_100156,almaty,waqi_100156,10.96,23.634256,12.674256362915038,safe,moderate,False,False,False,16.141891,9.390102040816323,21.693640447845805
2026-01-27 17:00:00,almaty__waqi_100156,almaty,waqi_100156,14.068040816326532,24.873484,10.805442841510382,moderate,moderate,True,False,False,15.397148,9.391377551020408,21.072245890022675
2026-01-27 18:00:00,almaty__waqi_100156,almaty,waqi_100156,25.097959183673467,28.114964,3.0170043478206736,moderate,moderate,True,False,False,14.786215,32.078163265306124,20.265964002267573
2026-01-27 19:00:00,almaty__waqi_100156,almaty,waqi_100156,37.53048979591837,40.931217,3.400727397685145,unhealthy,unhealthy,True,True,True,14.670717,78.74061224489796,21.06201629818594
2026-01-27 20:00:00,almaty__waqi_100156,almaty,waqi_100156,40.372602040816325,44.23167,3.859068338822347,unhealthy,unhealthy,True,True,True,15.840529,31.64668367346939,23.956208475056687
2026-01-27 21:00:00,almaty__waqi_100156,almaty,waqi_100156,37.18293877551021,33.652035,3.5309040159887246,unhealthy,moderate,False,True,False,14.285077,42.26142857142857,24.898153628117917
2026-01-27 22:00:00,almaty__waqi_100156,almaty,waqi_100156,34.60811224489796,40.253376,5.645263762182118,moderate,unhealthy,False,False,True,11.356439,63.247704081632655,26.342379818594107
2026-01-27 23:00:00,almaty__waqi_100156,almaty,waqi_100156,36.71877551020408,42.129864,5.411088228809589,unhealthy,unhealthy,True,True,True,12.897107,46.32994897959183,28.697700821995465
2026-01-28 00:00:00,almaty__waqi_100156,almaty,waqi_100156,49.44265306122449,42.438396,7.0042566073670685,unhealthy,unhealthy,True,True,True,13.093483,44.38882653061225,30.42478202947845
2026-01-28 01:00:00,almaty__waqi_100156,almaty,waqi_100156,39.93045918367347,50.74292,10.81246073820153,unhealthy,unhealthy,True,True,True,13.516508,72.28627551020409,31.430030753968254
2026-01-28 02:00:00,almaty__waqi_100156,almaty,waqi_100156,47.38275510204082,60.553566,13.170810876963088,unhealthy,unhealthy,True,True,True,12.314388,91.00760204081632,32.2407110260771
2026-01-28 03:00:00,almaty__waqi_100156,almaty,waqi_100156,76.15887755102041,60.686546,15.472331225336816,unhealthy,unhealthy,True,True,True,12.153806,79.38729591836734,33.91474036281179
2026-01-28 04:00:00,almaty__waqi_100156,almaty,waqi_100156,63.89188775510204,52.980415,10.911472410863759,unhealthy,unhealthy,True,True,True,16.822708,59.372602040816325,34.558732709750565
2026-01-28 05:00:00,almaty__waqi_100156,almaty,waqi_100156,57.437551020408165,47.754116,9.683434962058556,unhealthy,unhealthy,True,True,True,16.847168,55.2984693877551,34.87383432539683
2026-01-28 06:00:00,almaty__waqi_100156,almaty,waqi_100156,34.72234693877551,46.814213,12.091865860296757,moderate,unhealthy,False,False,True,15.882475,58.08173469387755,36.21141935941043
2026-01-28 07:00:00,almaty__waqi_100156,almaty,waqi_100156,42.57158163265306,45.459473,2.887891023596943,unhealthy,unhealthy,True,True,True,13.699091,49.14265306122449,38.09390235260771
2026-01-28 08:00:00,almaty__waqi_100156,almaty,waqi_100156,48.08984693877551,39.73441,8.355437606500118,unhealthy,unhealthy,True,True,True,12.281821,42.2690306122449,39.56411153628118
2026-01-28 09:00:00,almaty__waqi_100156,almaty,waqi_100156,20.81826530612245,41.880543,21.062277449004505,moderate,unhealthy,False,False,True,9.972245,47.14163265306122,40.97782114512472
2026-01-28 10:00:00,almaty__waqi_100156,almaty,waqi_100156,8.64,45.11368,36.47368179321289,safe,unhealthy,False,False,True,8.917247,50.12030612244898,41.38871683673469
2026-01-28 11:00:00,almaty__waqi_100156,almaty,waqi_100156,4.88,37.192326,32.31232559204101,safe,unhealthy,False,False,True,9.109254,43.21724489795918,40.899268707483
2026-01-28 12:00:00,almaty__waqi_100156,almaty,waqi_100156,4.64,32.88076,28.240760192871093,safe,moderate,False,False,False,6.3151727,33.3720918367347,42.33998724489796
2026-01-27 13:00:00,almaty__waqi_82475,almaty,waqi_82475,8.88,7.802399,1.0776008415222176,safe,safe,True,False,False,2.9602718,2.72,4.82116369047619
2026-01-27 14:00:00,almaty__waqi_82475,almaty,waqi_82475,10.7525,7.163447,3.5890530967712397,safe,safe,True,False,False,3.1596727,3.44,4.425333758503402
2026-01-27 15:00:00,almaty__waqi_82475,almaty,waqi_82475,6.4,7.428068,1.0280681610107418,safe,safe,True,False,False,3.1397848,2.72,4.194166666666667
2026-01-27 16:00:00,almaty__waqi_82475,almaty,waqi_82475,6.32,7.003125,0.683125190734863,safe,safe,True,False,False,3.1363084,1.86,4.132499999999999
2026-01-27 17:00:00,almaty__waqi_82475,almaty,waqi_82475,5.44,7.4956703,2.0556703186035152,safe,safe,True,False,False,2.9645908,1.92,4.04
2026-01-27 18:00:00,almaty__waqi_82475,almaty,waqi_82475,6.6,8.068019,1.4680189132690433,safe,safe,True,False,False,2.8091824,1.92,3.91
2026-01-27 19:00:00,almaty__waqi_82475,almaty,waqi_82475,12.4021768707483,10.127026,2.275151266500254,moderate,safe,False,False,False,2.8891244,6.42,3.693333333333333
2026-01-27 20:00:00,almaty__waqi_82475,almaty,waqi_82475,15.58780612244898,17.788599,2.200792891833247,moderate,moderate,True,False,False,3.1442158,26.431714285714285,3.6808333333333336
2026-01-27 21:00:00,almaty__waqi_82475,almaty,waqi_82475,22.79918367346939,14.086856,8.71232778510269,moderate,moderate,True,False,False,2.7638407,9.6,4.522154761904762
2026-01-27 22:00:00,almaty__waqi_82475,almaty,waqi_82475,24.939183673469387,20.809126,4.130057773200832,moderate,moderate,True,False,False,2.238785,42.63673469387755,4.795488095238095
2026-01-27 23:00:00,almaty__waqi_82475,almaty,waqi_82475,21.133520408163264,33.424587,12.291066841592595,moderate,moderate,True,False,False,2.7082863,67.76698979591836,6.485352040816327
2026-01-28 00:00:00,almaty__waqi_82475,almaty,waqi_82475,20.65938775510204,37.42475,16.765363526636243,moderate,unhealthy,False,False,True,3.018688,61.79351020408164,9.165643282312926
2026-01-28 01:00:00,almaty__waqi_82475,almaty,waqi_82475,28.14877551020408,30.521143,2.372367449390648,moderate,moderate,True,False,False,3.2487533,54.7030612244898,11.57537287414966
2026-01-28 02:00:00,almaty__waqi_82475,almaty,waqi_82475,28.74214285714286,22.156067,6.586075962611609,moderate,moderate,True,False,False,3.1336157,28.58326530612245,13.631333758503402
2026-01-28 03:00:00,almaty__waqi_82475,almaty,waqi_82475,23.8294387755102,22.48781,1.3416286406225062,moderate,moderate,True,False,False,3.1183856,40.5720918367347,14.612303146258505
2026-01-28 04:00:00,almaty__waqi_82475,almaty,waqi_82475,22.87867346938776,19.165659,3.7130145185820957,moderate,moderate,True,False,False,4.189958,22.08657142857143,16.137806972789118
2026-01-28 05:00:00,almaty__waqi_82475,almaty,waqi_82475,17.807091836734692,13.043978,4.763114099307934,moderate,moderate,True,False,False,4.23795,12.417755102040816,16.825580782312926
2026-01-28 06:00:00,almaty__waqi_82475,almaty,waqi_82475,13.967908163265308,11.033031,2.9348766996422615,moderate,safe,False,False,False,4.1079035,11.9525,17.09798724489796
2026-01-28 07:00:00,almaty__waqi_82475,almaty,waqi_82475,9.44,9.734844,0.2948442077636724,safe,safe,True,False,False,3.6611402,6.24,17.379341411564628
2026-01-28 08:00:00,almaty__waqi_82475,almaty,waqi_82475,8.96,9.189717,0.22971729278564368,safe,safe,True,False,False,3.3680093,5.4,17.37267474489796
2026-01-28 09:00:00,almaty__waqi_82475,almaty,waqi_82475,7.04,9.155675,2.115674934387207,safe,safe,True,False,False,2.9591737,4.24,17.50267474489796
2026-01-28 10:00:00,almaty__waqi_82475,almaty,waqi_82475,4.72,8.514518,3.7945177841186526,safe,safe,True,False,False,2.7207072,4.5600000000000005,17.57267474489796
2026-01-28 11:00:00,almaty__waqi_82475,almaty,waqi_82475,3.28,7.894575,4.614575119018555,safe,safe,True,False,False,2.7523563,4.32,17.672674744897957
2026-01-28 12:00:00,almaty__waqi_82475,almaty,waqi_82475,2.24,8.038892,5.798891792297363,safe,safe,True,False,False,2.4785116,6.64,17.749341411564625
2026-03-24 02:00:00,astana__kgmt_12,astana,kgmt_12,99.0,86.08608,12.913917541503906,unhealthy,unhealthy,True,True,True,77.308945,101.05,107.46333333333332
2026-03-24 03:00:00,astana__kgmt_12,astana,kgmt_12,98.08,86.20001,11.879987792968748,unhealthy,unhealthy,True,True,True,74.838684,100.07,107.40875
2026-03-24 04:00:00,astana__kgmt_12,astana,kgmt_12,98.0,86.69174,11.308258056640625,unhealthy,unhealthy,True,True,True,77.799835,100.17,107.31333333333332
2026-03-24 05:00:00,astana__kgmt_12,astana,kgmt_12,98.71,86.69174,12.018258056640619,unhealthy,unhealthy,True,True,True,69.57062,103.99,107.30708333333332
2026-03-24 06:00:00,astana__kgmt_12,astana,kgmt_12,99.97,92.420586,7.54941436767578,unhealthy,unhealthy,True,True,True,68.841095,107.67,107.52833333333336
2026-03-24 07:00:00,astana__kgmt_12,astana,kgmt_12,100.73,87.71491,13.015087585449223,unhealthy,unhealthy,True,True,True,68.664215,102.37,107.93125
2026-03-24 08:00:00,astana__kgmt_12,astana,kgmt_12,99.15,86.69174,12.45825805664063,unhealthy,unhealthy,True,True,True,62.829414,102.61,108.055
2026-03-24 09:00:00,astana__kgmt_12,astana,kgmt_12,99.0,86.6577,12.342300415039062,unhealthy,unhealthy,True,True,True,60.137325,102.82,108.04916666666666
2026-03-24 10:00:00,astana__kgmt_12,astana,kgmt_12,101.19,86.63681,14.553189697265623,unhealthy,unhealthy,True,True,True,58.412544,104.86,108.08875
2026-03-24 11:00:00,astana__kgmt_12,astana,kgmt_12,102.57,86.2664,16.303596801757806,unhealthy,unhealthy,True,True,True,58.03389,102.5,108.24958333333336
2026-03-24 12:00:00,astana__kgmt_12,astana,kgmt_12,103.79,86.19379,17.596213378906256,unhealthy,unhealthy,True,True,True,54.79108,103.9,108.22833333333334
2026-03-24 13:00:00,astana__kgmt_12,astana,kgmt_12,102.46,86.19379,16.266213378906244,unhealthy,unhealthy,True,True,True,57.136677,101.73,108.18166666666669
2026-03-24 14:00:00,astana__kgmt_12,astana,kgmt_12,102.7,86.19379,16.506213378906253,unhealthy,unhealthy,True,True,True,60.7031,100.08,107.66333333333334
2026-03-24 15:00:00,astana__kgmt_12,astana,kgmt_12,104.92,86.50176,18.418237609863283,unhealthy,unhealthy,True,True,True,61.298332,101.65,106.99333333333334
2026-03-24 16:00:00,astana__kgmt_12,astana,kgmt_12,110.26,86.50176,23.758237609863286,unhealthy,unhealthy,True,True,True,61.70012,102.93,106.78125
2026-03-24 17:00:00,astana__kgmt_12,astana,kgmt_12,106.9,87.57735,19.322653198242193,unhealthy,unhealthy,True,True,True,60.859653,102.2,106.64333333333332
2026-03-24 18:00:00,astana__kgmt_12,astana,kgmt_12,102.67,83.68629,18.98371307373047,unhealthy,unhealthy,True,True,True,59.008633,100.52,105.49
2026-03-24 19:00:00,astana__kgmt_12,astana,kgmt_12,101.96,83.68629,18.273713073730462,unhealthy,unhealthy,True,True,True,61.47177,100.0,104.98375
2026-03-24 20:00:00,astana__kgmt_12,astana,kgmt_12,102.83,84.76187,18.068128662109373,unhealthy,unhealthy,True,True,True,63.13091,100.01,104.29791666666664
2026-03-24 21:00:00,astana__kgmt_12,astana,kgmt_12,102.36,82.93662,19.423377380371093,unhealthy,unhealthy,True,True,True,57.878113,99.82,102.9275
2026-03-24 22:00:00,astana__kgmt_12,astana,kgmt_12,102.04,82.56643,19.473570861816413,unhealthy,unhealthy,True,True,True,51.815845,99.59,102.21999999999998
2026-03-24 23:00:00,astana__kgmt_12,astana,kgmt_12,100.62,82.56643,18.05357086181641,unhealthy,unhealthy,True,True,True,54.633038,99.12,102.005
2026-03-25 00:00:00,astana__kgmt_12,astana,kgmt_12,98.79,81.14277,17.647231140136725,unhealthy,unhealthy,True,True,True,56.858868,98.17,101.84833333333331
2026-03-25 01:00:00,astana__kgmt_12,astana,kgmt_12,98.74,81.14277,17.597231140136714,unhealthy,unhealthy,True,True,True,58.433334,99.11,101.65708333333332
2026-03-24 02:00:00,astana__kgmt_14,astana,kgmt_14,7.27,8.352884,1.0828842926025395,safe,safe,True,False,False,3.1595287,8.32,21.730416666666667
2026-03-24 03:00:00,astana__kgmt_14,astana,kgmt_14,4.39,8.626212,4.236212120056153,safe,safe,True,False,False,3.031117,10.01,21.780833333333334
2026-03-24 04:00:00,astana__kgmt_14,astana,kgmt_14,3.9,10.97067,7.070669746398925,safe,safe,True,False,False,3.5848958,13.96,21.87291666666667
2026-03-24 05:00:00,astana__kgmt_14,astana,kgmt_14,6.35,10.003852,3.653851890563965,safe,safe,True,False,False,3.5519392,10.04,22.09208333333333
2026-03-24 06:00:00,astana__kgmt_14,astana,kgmt_14,10.28,8.603779,1.6762211608886712,safe,safe,True,False,False,3.6013951,7.59,22.146666666666665
2026-03-24 07:00:00,astana__kgmt_14,astana,kgmt_14,14.08,10.577351,3.502649383544922,moderate,safe,False,False,False,3.274599,14.82,22.329166666666666
2026-03-24 08:00:00,astana__kgmt_14,astana,kgmt_14,11.38,14.020415,2.640415306091308,safe,moderate,False,False,False,2.9873943,26.02,22.511666666666667
2026-03-24 09:00:00,astana__kgmt_14,astana,kgmt_14,8.94,14.987911,6.047911224365235,safe,moderate,False,False,False,2.7286642,29.49,23.367083333333337
2026-03-24 10:00:00,astana__kgmt_14,astana,kgmt_14,7.36,15.621636,8.261636390686036,safe,moderate,False,False,False,2.4884005,29.57,24.382916666666663
2026-03-24 11:00:00,astana__kgmt_14,astana,kgmt_14,9.4,14.212379,4.812379455566406,safe,moderate,False,False,False,2.3602715,19.78,25.075
2026-03-24 12:00:00,astana__kgmt_14,astana,kgmt_14,10.48,9.738674,0.741325836181641,safe,safe,True,False,False,2.2259984,8.96,25.660833333333333
2026-03-24 13:00:00,astana__kgmt_14,astana,kgmt_14,7.97,10.157603,2.1876032638549807,safe,safe,True,False,False,2.3793643,12.77,25.65458333333333
2026-03-24 14:00:00,astana__kgmt_14,astana,kgmt_14,12.58,11.716827,0.8631726074218751,moderate,safe,False,False,False,2.7362902,16.22,25.937916666666663
2026-03-24 15:00:00,astana__kgmt_14,astana,kgmt_14,13.33,11.987535,1.3424645233154298,moderate,safe,False,False,False,2.6588788,13.97,26.07958333333333
2026-03-24 16:00:00,astana__kgmt_14,astana,kgmt_14,16.67,9.646428,7.02357189178467,moderate,safe,False,False,False,2.6538463,6.17,26.089583333333337
2026-03-24 17:00:00,astana__kgmt_14,astana,kgmt_14,16.58,10.83546,5.744540290832518,moderate,safe,False,False,False,2.5871048,13.28,25.5525
2026-03-24 18:00:00,astana__kgmt_14,astana,kgmt_14,11.62,11.832076,0.21207607269287188,safe,safe,True,False,False,2.4510853,12.12,25.23958333333333
2026-03-24 19:00:00,astana__kgmt_14,astana,kgmt_14,11.7,14.465044,2.765044021606446,safe,moderate,False,False,False,2.509393,14.87,24.266666666666666
2026-03-24 20:00:00,astana__kgmt_14,astana,kgmt_14,12.8,15.293573,2.493573379516601,moderate,moderate,True,False,False,2.61927,14.26,22.47125
2026-03-24 21:00:00,astana__kgmt_14,astana,kgmt_14,10.0,12.502341,2.5023412704467773,safe,moderate,False,False,False,2.3884528,12.22,19.79083333333333
2026-03-24 22:00:00,astana__kgmt_14,astana,kgmt_14,7.91,12.25215,4.3421495819091795,safe,moderate,False,False,False,2.0194025,5.77,16.45375
2026-03-24 23:00:00,astana__kgmt_14,astana,kgmt_14,7.9,10.512189,2.612188911437988,safe,safe,True,False,False,2.1262045,6.49,14.134583333333332
2026-03-25 00:00:00,astana__kgmt_14,astana,kgmt_14,2.01,10.336829,8.32682918548584,safe,safe,True,False,False,2.2462757,7.62,13.698333333333332
2026-03-25 01:00:00,astana__kgmt_14,astana,kgmt_14,3.29,9.78281,6.492810211181641,safe,safe,True,False,False,2.2330916,7.6,13.5125
2026-03-24 02:00:00,astana__kgmt_7,astana,kgmt_7,11.14,15.800263,4.660263404846191,safe,moderate,False,False,False,2.9762068,7.91,48.16208333333333
2026-03-24 03:00:00,astana__kgmt_7,astana,kgmt_7,11.85,18.224504,6.374504470825196,safe,moderate,False,False,False,2.7836998,10.27,47.98666666666667
2026-03-24 04:00:00,astana__kgmt_7,astana,kgmt_7,12.28,19.339186,7.05918571472168,moderate,moderate,True,False,False,2.9867713,10.8,47.934583333333336
2026-03-24 05:00:00,astana__kgmt_7,astana,kgmt_7,14.15,18.770208,4.620208358764648,moderate,moderate,True,False,False,2.6748521,9.22,47.7775
2026-03-24 06:00:00,astana__kgmt_7,astana,kgmt_7,11.68,22.620255,10.940254516601563,safe,moderate,False,False,False,2.4457862,31.6,47.0025
2026-03-24 07:00:00,astana__kgmt_7,astana,kgmt_7,14.73,20.225286,5.495286483764648,moderate,moderate,True,False,False,1.7267443,28.12,47.66624999999999
2026-03-24 08:00:00,astana__kgmt_7,astana,kgmt_7,35.74,20.297033,15.442966690063479,unhealthy,moderate,False,True,False,1.1028727,16.75,48.33958333333334
2026-03-24 09:00:00,astana__kgmt_7,astana,kgmt_7,25.53,19.846766,5.683234481811525,moderate,moderate,True,False,False,0.61566275,19.57,48.48875
2026-03-24 10:00:00,astana__kgmt_7,astana,kgmt_7,13.29,20.126844,6.8368444061279305,moderate,moderate,True,False,False,0.45993394,23.21,48.475
2026-03-24 11:00:00,astana__kgmt_7,astana,kgmt_7,15.12,17.411453,2.2914532470703133,moderate,moderate,True,False,False,0.3727074,13.6,48.56833333333333
2026-03-24 12:00:00,astana__kgmt_7,astana,kgmt_7,15.2,15.3897,0.18969993591308665,moderate,moderate,True,False,False,0.3492671,7.76,48.63708333333333
2026-03-24 13:00:00,astana__kgmt_7,astana,kgmt_7,16.28,15.667812,0.6121876525878918,moderate,moderate,True,False,False,0.36877066,8.56,48.485833333333325
2026-03-24 14:00:00,astana__kgmt_7,astana,kgmt_7,17.82,20.015125,2.195125274658203,moderate,moderate,True,False,False,0.43093356,13.78,48.33708333333334
2026-03-24 15:00:00,astana__kgmt_7,astana,kgmt_7,17.42,22.169071,4.749071197509764,moderate,moderate,True,False,False,0.4200062,17.08,47.535
2026-03-24 16:00:00,astana__kgmt_7,astana,kgmt_7,20.73,22.479658,1.7496581268310543,moderate,moderate,True,False,False,0.41366458,23.21,44.084583333333335
2026-03-24 17:00:00,astana__kgmt_7,astana,kgmt_7,41.98,27.820745,14.159254531860348,unhealthy,moderate,False,True,False,0.39936504,19.06,40.14208333333333
2026-03-24 18:00:00,astana__kgmt_7,astana,kgmt_7,30.09,24.789288,5.300712432861328,moderate,moderate,True,False,False,0.37785473,14.76,31.27833333333333
2026-03-24 19:00:00,astana__kgmt_7,astana,kgmt_7,22.405,26.99807,4.593069763183593,moderate,moderate,True,False,False,0.39525166,12.92,28.94916666666667
2026-03-24 20:00:00,astana__kgmt_7,astana,kgmt_7,14.72,24.07581,9.355809478759765,moderate,moderate,True,False,False,0.41631648,11.79,27.01
2026-03-24 21:00:00,astana__kgmt_7,astana,kgmt_7,16.94,32.143063,15.203062591552733,moderate,moderate,True,False,False,0.37308964,12.11,23.897916666666664
2026-03-24 22:00:00,astana__kgmt_7,astana,kgmt_7,18.1,25.792929,7.6929286956787095,moderate,moderate,True,False,False,0.33558026,8.89,16.67375
2026-03-24 23:00:00,astana__kgmt_7,astana,kgmt_7,17.31,21.360638,4.050637664794923,moderate,moderate,True,False,False,0.38418186,11.27,14.663333333333332
2026-03-25 00:00:00,astana__kgmt_7,astana,kgmt_7,20.865,21.394808,0.5298078155517594,moderate,moderate,True,False,False,0.42943138,10.99,14.736666666666666
2026-03-25 01:00:00,astana__kgmt_7,astana,kgmt_7,24.42,22.907228,1.512771530151369,moderate,moderate,True,False,False,0.45823574,14.13,14.735833333333334
2025-03-16 13:00:00,astana__kgmt_8,astana,kgmt_8,3.7235,3.003276,0.7202238903045655,safe,safe,True,False,False,1.0112637,1.467,4.027465277777778
2025-03-16 14:00:00,astana__kgmt_8,astana,kgmt_8,2.436333333333333,3.1723025,0.7359691511789963,safe,safe,True,False,False,1.0359089,3.664333333333333,3.917694444444445
2025-03-16 15:00:00,astana__kgmt_8,astana,kgmt_8,5.2035,3.322081,1.8814189109802246,safe,safe,True,False,False,1.0620339,5.019,3.9014583333333337
2025-03-16 16:00:00,astana__kgmt_8,astana,kgmt_8,1.9646666666666663,3.4286952,1.464028535207113,safe,safe,True,False,False,1.082057,6.190666666666667,3.923222222222222
2025-03-16 17:00:00,astana__kgmt_8,astana,kgmt_8,4.2675,3.7875137,0.4799862670898438,safe,safe,True,False,False,1.0834684,8.190000000000001,3.9724444444444447
2025-03-16 18:00:00,astana__kgmt_8,astana,kgmt_8,1.5043333333333333,4.108885,2.604551478068034,safe,safe,True,False,False,1.0730472,6.206,4.152097222222222
2025-03-16 19:00:00,astana__kgmt_8,astana,kgmt_8,4.1185,3.8509693,0.26753068542480474,safe,safe,True,False,False,1.1151191,6.8345,4.303694444444445
2025-03-16 20:00:00,astana__kgmt_8,astana,kgmt_8,1.364666666666667,3.5789382,2.2142715791066485,safe,safe,True,False,False,1.1511247,5.061333333333334,4.466354166666666
2025-03-16 21:00:00,astana__kgmt_8,astana,kgmt_8,2.2716666666666665,3.4306703,1.1590035947163901,safe,safe,True,False,False,1.0877244,5.222666666666667,4.506493055555556
2025-03-16 22:00:00,astana__kgmt_8,astana,kgmt_8,1.0610000000000002,3.5372846,2.4762846126556397,safe,safe,True,False,False,0.99500203,5.527000000000001,4.542354166666667
2025-03-16 23:00:00,astana__kgmt_8,astana,kgmt_8,3.0955000000000004,3.4306703,0.3351702613830563,safe,safe,True,False,False,1.0414798,5.504500000000001,4.568034722222222
2025-03-17 00:00:00,astana__kgmt_8,astana,kgmt_8,4.8085,3.591733,1.2167670211791997,safe,safe,True,False,False,1.0619947,6.069500000000001,4.565875
2025-03-17 01:00:00,astana__kgmt_8,astana,kgmt_8,3.3726666666666665,3.1924696,0.1801970698038735,safe,safe,True,False,False,1.1056478,3.558333333333333,4.614784722222223
2025-03-17 02:00:00,astana__kgmt_8,astana,kgmt_8,2.882,3.1924696,0.31046959686279285,safe,safe,True,False,False,1.0904167,3.5266666666666664,4.660534722222223
2025-03-17 03:00:00,astana__kgmt_8,astana,kgmt_8,3.5005,3.5990481,0.09854813766479475,safe,safe,True,False,False,1.0904408,4.135333333333333,4.662159722222222
2025-03-17 04:00:00,astana__kgmt_8,astana,kgmt_8,4.0655,3.8171697,0.2483303337097169,safe,safe,True,False,False,1.242462,3.6305,4.684506944444444
2025-03-17 05:00:00,astana__kgmt_8,astana,kgmt_8,3.428,3.891377,0.4633769721984864,safe,safe,True,False,False,1.2728299,4.803666666666667,4.743756944444445
2025-03-17 06:00:00,astana__kgmt_8,astana,kgmt_8,3.3575000000000004,3.5987272,0.24122722625732385,safe,safe,True,False,False,1.2152048,3.591333333333333,4.800097222222222
2025-03-17 07:00:00,astana__kgmt_8,astana,kgmt_8,3.704,3.70858,0.004580017089843569,safe,safe,True,False,False,1.1649172,4.065333333333333,4.75
2025-03-17 08:00:00,astana__kgmt_8,astana,kgmt_8,2.8819999999999,3.782786,0.9007858924866721,safe,safe,True,False,False,1.1080899,5.498333333333334,4.821652777777778
2025-03-17 09:00:00,astana__kgmt_8,astana,kgmt_8,3.5005,3.9639482,0.46344824981689436,safe,safe,True,False,False,1.066344,5.7415,4.818041666666667
2025-03-17 10:00:00,astana__kgmt_8,astana,kgmt_8,3.823,3.4090476,0.4139523963928222,safe,safe,True,False,False,1.0513879,2.2985,4.867590277777778
2025-03-17 11:00:00,astana__kgmt_8,astana,kgmt_8,3.428,2.9063168,0.5216832427978515,safe,safe,True,False,False,1.0740362,2.2196666666666665,4.758888888888889
2025-03-17 12:00:00,astana__kgmt_8,astana,kgmt_8,3.3575,2.7105255,0.6469744873046874,safe,safe,True,False,False,1.0230348,1.8165,4.709319444444445
2026-03-24 02:00:00,astana__kgmt_9,astana,kgmt_9,13.27,30.602556,17.332556228637696,moderate,moderate,True,False,False,0.00014334789,16.84,28.176458333333343
2026-03-24 03:00:00,astana__kgmt_9,astana,kgmt_9,11.03,23.892607,12.862606735229493,safe,moderate,False,False,False,5.598976e-06,15.36,28.615208333333342
2026-03-24 04:00:00,astana__kgmt_9,astana,kgmt_9,12.93,25.297709,12.36770851135254,moderate,moderate,True,False,False,4.09926e-08,18.42,28.99187500000001
2026-03-24 05:00:00,astana__kgmt_9,astana,kgmt_9,16.86,33.261528,16.40152801513672,moderate,moderate,True,False,False,2.6379305e-09,16.65,29.464652777777783
2026-03-24 06:00:00,astana__kgmt_9,astana,kgmt_9,22.46,31.787346,9.327345886230468,moderate,moderate,True,False,False,1.2228137e-08,23.97,29.83229166666668
2026-03-24 07:00:00,astana__kgmt_9,astana,kgmt_9,14.37,32.815125,18.445124511718753,moderate,moderate,True,False,False,4.0636796e-06,30.85,30.47354166666668
2026-03-24 08:00:00,astana__kgmt_9,astana,kgmt_9,19.74,33.457577,13.717576751708986,moderate,moderate,True,False,False,1.4052025e-06,35.33,31.307291666666675
2026-03-24 09:00:00,astana__kgmt_9,astana,kgmt_9,8.73,34.58608,25.856078643798828,safe,moderate,False,False,False,3.813355e-06,37.01,32.29631944444446
2026-03-24 10:00:00,astana__kgmt_9,astana,kgmt_9,10.21,39.846478,29.63647750854492,safe,unhealthy,False,False,True,2.537987e-06,44.2,33.323958333333344
2026-03-24 11:00:00,astana__kgmt_9,astana,kgmt_9,25.4,35.73185,10.331849670410158,moderate,unhealthy,False,False,True,2.8981954e-06,33.21,34.61979166666668
2026-03-24 12:00:00,astana__kgmt_9,astana,kgmt_9,36.58,31.222824,5.357175903320311,unhealthy,moderate,False,True,False,3.5145598e-07,8.27,35.46229166666668
2026-03-24 13:00:00,astana__kgmt_9,astana,kgmt_9,24.79,26.050919,1.2609185791015634,moderate,moderate,True,False,False,2.6938824e-06,15.38,35.204375000000006
2026-03-24 14:00:00,astana__kgmt_9,astana,kgmt_9,23.31,27.668911,4.358910980224611,moderate,moderate,True,False,False,3.5140195e-06,23.04,35.077291666666675
2026-03-24 15:00:00,astana__kgmt_9,astana,kgmt_9,26.19,31.97921,5.7892098999023425,moderate,moderate,True,False,False,9.580568e-06,28.32,34.97770833333335
2026-03-24 16:00:00,astana__kgmt_9,astana,kgmt_9,23.47,33.50506,10.03505828857422,moderate,moderate,True,False,False,9.359921e-06,26.0,35.54937500000001
2026-03-24 17:00:00,astana__kgmt_9,astana,kgmt_9,11.11,32.437866,21.3278662109375,safe,moderate,False,False,False,6.6386046e-06,20.77,35.29354166666668
2026-03-24 18:00:00,astana__kgmt_9,astana,kgmt_9,6.28,33.73115,27.451151580810546,safe,moderate,False,False,False,5.0282997e-06,19.18,35.428541666666675
2026-03-24 19:00:00,astana__kgmt_9,astana,kgmt_9,5.65,33.48897,27.83897171020508,safe,moderate,False,False,False,2.9437788e-06,18.14,30.82854166666668
2026-03-24 20:00:00,astana__kgmt_9,astana,kgmt_9,7.09,34.640472,27.550472412109375,safe,moderate,False,False,False,1.756471e-06,10.31,25.16312500000001
2026-03-24 21:00:00,astana__kgmt_9,astana,kgmt_9,4.57,31.519053,26.949052505493164,safe,moderate,False,False,False,2.4386563e-07,11.07,21.84500000000001
2026-03-24 22:00:00,astana__kgmt_9,astana,kgmt_9,9.06,32.976776,23.916776123046873,safe,moderate,False,False,False,1.9262507e-10,12.96,21.232083333333343
2026-03-24 23:00:00,astana__kgmt_9,astana,kgmt_9,11.94,33.764717,21.824717102050784,safe,moderate,False,False,False,1.7334436e-11,6.23,21.027500000000007
2026-03-25 00:00:00,astana__kgmt_9,astana,kgmt_9,3.94,31.967567,28.027567443847655,safe,moderate,False,False,False,9.0741116e-11,7.78,20.81041666666668
2026-03-25 01:00:00,astana__kgmt_9,astana,kgmt_9,7.55,30.307405,22.757405471801757,safe,moderate,False,False,False,9.388226e-11,6.25,20.606250000000006
2026-03-24 02:00:00,karaganda__kgmt_43,karaganda,kgmt_43,2.31,2.4958675,0.18586749076843256,safe,safe,True,False,False,0.5508752,1.94,4.080833333333342
2026-03-24 03:00:00,karaganda__kgmt_43,karaganda,kgmt_43,2.63,3.372238,0.7422379207611085,safe,safe,True,False,False,0.5590137,7.58,3.995833333333343
2026-03-24 04:00:00,karaganda__kgmt_43,karaganda,kgmt_43,2.19,3.8562922,1.6662922477722169,safe,safe,True,False,False,0.6222693,4.89,4.060000000000009
2026-03-24 05:00:00,karaganda__kgmt_43,karaganda,kgmt_43,2.59,4.0332313,1.4432312583923341,safe,safe,True,False,False,0.6546122,7.12,4.109166666666676
2026-03-24 06:00:00,karaganda__kgmt_43,karaganda,kgmt_43,2.09,4.1847644,2.094764385223389,safe,safe,True,False,False,0.6488811,6.1,4.232083333333343
2026-03-24 07:00:00,karaganda__kgmt_43,karaganda,kgmt_43,1.87,4.2750463,2.4050463485717772,safe,safe,True,False,False,0.6449556,8.34,4.383333333333343
2026-03-24 08:00:00,karaganda__kgmt_43,karaganda,kgmt_43,2.0,4.3243856,2.324385643005371,safe,safe,True,False,False,0.60044235,5.25,4.61250000000001
2026-03-24 09:00:00,karaganda__kgmt_43,karaganda,kgmt_43,1.99,4.156191,2.1661908721923826,safe,safe,True,False,False,0.5757343,6.48,4.514583333333342
2026-03-24 10:00:00,karaganda__kgmt_43,karaganda,kgmt_43,2.05,4.01154,1.961539936065674,safe,safe,True,False,False,0.5578341,5.26,4.652916666666676
2026-03-24 11:00:00,karaganda__kgmt_43,karaganda,kgmt_43,2.51,3.48885,0.9788501167297365,safe,safe,True,False,False,0.56689596,3.31,4.519583333333343
2026-03-24 12:00:00,karaganda__kgmt_43,karaganda,kgmt_43,1.55,3.0247753,1.4747752666473388,safe,safe,True,False,False,0.5301717,2.99,4.182083333333343
2026-03-24 13:00:00,karaganda__kgmt_43,karaganda,kgmt_43,2.05,2.989014,0.9390139102935793,safe,safe,True,False,False,0.560929,3.02,3.963333333333343
2026-03-24 14:00:00,karaganda__kgmt_43,karaganda,kgmt_43,3.17,3.4206514,0.25065143585205085,safe,safe,True,False,False,0.61617494,4.11,3.912916666666676
2026-03-24 15:00:00,karaganda__kgmt_43,karaganda,kgmt_43,3.72,3.1534653,0.5665347290039064,safe,safe,True,False,False,0.61626726,3.28,3.937083333333343
2026-03-24 16:00:00,karaganda__kgmt_43,karaganda,kgmt_43,2.37,3.1907642,0.8207641887664794,safe,safe,True,False,False,0.62002593,4.02,3.956666666666676
2026-03-24 17:00:00,karaganda__kgmt_43,karaganda,kgmt_43,2.28,3.368149,1.0881490421295168,safe,safe,True,False,False,0.6022868,4.6,4.001666666666676
2026-03-24 18:00:00,karaganda__kgmt_43,karaganda,kgmt_43,3.13,3.019366,0.11063397407531728,safe,safe,True,False,False,0.5811318,3.1,4.126666666666677
2026-03-24 19:00:00,karaganda__kgmt_43,karaganda,kgmt_43,2.78,2.8804245,0.10042449951171895,safe,safe,True,False,False,0.5860189,2.93,4.185833333333343
2026-03-24 20:00:00,karaganda__kgmt_43,karaganda,kgmt_43,1.53,2.7635,1.2334999752044677,safe,safe,True,False,False,0.6002529,2.05,4.201666666666676
2026-03-24 21:00:00,karaganda__kgmt_43,karaganda,kgmt_43,1.7,2.6825178,0.9825177669525147,safe,safe,True,False,False,0.5566385,2.3,4.084583333333343
2026-03-24 22:00:00,karaganda__kgmt_43,karaganda,kgmt_43,0.95,2.6825178,1.7325177669525147,safe,safe,True,False,False,0.46501267,1.2,3.94625000000001
2026-03-24 23:00:00,karaganda__kgmt_43,karaganda,kgmt_43,1.32,2.5551174,1.23511736869812,safe,safe,True,False,False,0.4903515,0.97,3.922916666666677
2026-03-25 00:00:00,karaganda__kgmt_43,karaganda,kgmt_43,0.8,2.3081217,1.5081216812133789,safe,safe,True,False,False,0.5089725,0.81,3.88500000000001
2026-03-25 01:00:00,karaganda__kgmt_43,karaganda,kgmt_43,1.17,2.1275616,0.9575615692138673,safe,safe,True,False,False,0.5321869,1.09,3.8733333333333433
